chroma_stft;mfcc;spec_cent;spec_bw;zcr;spec_rolloff
0.4187249339627242;-1.3997508083316232;2412.346083463631;2463.6132411960602;0.09683614534067396;2412.346083463631